,City,Country,lat,lon,humidity,max temp,wind speed,cloudiness
0,nikolskoye,ru,59.7,30.79,87,7,2,75
2,hithadhoo,mv,-0.6,73.08,100,27.11,2.06,80
3,dodge city,us,37.75,-100.02,26,21,3.1,1
5,wajid,so,3.81,43.25,82,22.49,2.46,48
7,kuching,my,1.56,110.34,94,24,0.5,75
8,sept-iles,ca,50.2,-66.38,93,4,4.6,90
9,klaksvik,fo,62.23,-6.59,87,9,6.7,68
10,puerto ayora,ec,-0.74,-90.35,61,27,4.1,0
11,ushuaia,ar,-54.81,-68.31,65,8,7.7,40
12,zhuhai,cn,40.71,112.04,73,2,2,20
13,dingle,ie,11,122.67,98,23.51,3.86,20
14,yulara,au,-25.24,130.99,33,14,2.6,0
15,itoman,jp,26.12,127.67,68,22,4.1,20
16,kodiak,us,39.95,-94.76,27,17,8.2,1
17,aroysund,no,59.18,10.46,87,9,3.1,0
18,tahlequah,us,35.92,-94.97,35,22,3.6,1
19,port alfred,za,-33.59,26.89,89,15.61,4.26,88
21,qaanaaq,gl,77.48,-69.36,100,-15.72,6.11,12
22,kidal,ml,18.44,1.41,20,32.34,3.36,76
23,mataura,pf,-46.19,168.86,81,16.76,3.41,48
24,lebu,cl,8.96,38.73,62,12,3.1,20
25,cidreira,br,-30.17,-50.22,80,17.29,3.91,64
26,torbay,ca,47.66,-52.73,75,8,7.7,90
28,airai,pw,-8.93,125.41,87,17.29,0.41,0
30,georgiyevka,kz,52.25,40.45,67,8.26,4.76,56
31,maltahohe,na,-24.83,16.98,30,22.66,3.31,100
32,narsaq,gl,60.91,-46.05,38,-3,4.6,0
33,esperance,au,10.24,-61.45,94,27,2.1,40
34,bluff,nz,-23.58,149.07,84,21.36,4.06,0
35,alofi,nu,-19.06,-169.92,57,25,10.8,75
37,komsomolskiy,ru,67.55,63.78,89,-10.72,2.06,80
38,sao filipe,cv,14.9,-24.5,94,26.79,5.76,0
39,caravelas,br,-17.73,-39.27,100,24.66,11.81,44
40,pacific grove,us,36.62,-121.92,63,26,2.6,1
41,busselton,au,-33.64,115.35,100,16.16,11.16,92
42,hermanus,za,-34.42,19.24,42,15.64,6.01,8
43,manokwari,id,-0.87,134.08,100,26.86,3.31,44
44,east london,za,-33.02,27.91,100,16.79,7.46,80
45,avarua,ck,-21.21,-159.78,64,24,3.6,75
46,barrow,us,-38.31,-60.23,48,18.84,5.36,48
48,punta arenas,cl,-53.16,-70.91,61,10,8.7,0
49,kango,ga,0.19,10.1,98,23.34,1.56,100
50,nelson bay,au,-32.72,152.14,93,18,5.1,90
53,sangre grande,tt,10.59,-61.13,94,27,2.1,40
56,ust-nera,ru,64.57,143.24,95,-21.87,0.96,64
57,bat khela,pk,34.62,71.97,70,7.41,0.96,8
59,abha,sa,18.22,42.5,88,17,2.1,40
60,thompson,ca,55.74,-97.86,67,-5,2.6,90
61,yellowknife,ca,62.45,-114.38,81,4,4.6,75
62,georgetown,sh,6.8,-58.16,100,24,2.1,90
63,vardo,no,39.62,-77.74,48,19,4.1,75
65,hovd,mn,63.83,10.7,57,10,3.1,75
69,talnakh,ru,69.49,88.39,100,-4.09,1.01,88
72,leeuwarden,nl,53.2,5.79,93,14,2.6,75
73,nyagan,ru,62.14,65.43,86,-2.07,4.96,88
75,tharad,in,24.39,71.63,48,21.44,1.51,0
76,atuona,pf,-9.8,-139.03,100,25.76,7.01,80
78,hobart,au,-42.88,147.33,81,8,4.1,20
79,cine,tr,37.61,28.06,88,17,1.5,0
80,kahului,us,20.89,-156.47,83,27,4.1,75
81,aasiaat,gl,68.71,-52.87,100,-3.42,7.31,80
82,vaini,to,15.34,74.49,86,18.76,1.16,0
83,new norfolk,au,-42.78,147.06,81,8,4.1,20
84,salalah,om,17.01,54.1,78,24,1.5,20
85,buala,sb,-8.15,159.59,100,26.16,2.76,88
86,hasaki,jp,35.73,140.83,87,12,3.1,20
87,port lincoln,au,-34.72,135.86,100,11.09,5.11,0
90,avera,pf,33.19,-82.53,88,23,2.6,90
91,nemuro,jp,43.32,145.57,100,11.86,1.36,0
93,cape town,za,-33.93,18.42,45,17,2.6,0
94,lagoa,pt,37.14,-8.45,63,18,3.1,20
95,saint-augustin,ca,44.83,-0.61,82,16,1.5,0
96,sindou,bf,10.66,-5.16,93,23.29,2.86,56
101,kavieng,pg,-2.57,150.8,100,27.86,2.56,24
102,aklavik,ca,68.22,-135.01,92,-4,6.2,90
103,hirara,jp,24.8,125.28,100,24.44,7.01,80
107,jumla,np,29.28,82.18,89,-2.97,1.06,0
108,lasa,cn,34.92,32.53,88,20,2.1,0
109,hilo,us,19.71,-155.08,94,23,3.6,90
111,boden,se,65.83,21.69,93,4,2.6,0
112,okha,ru,53.59,142.95,93,1.94,4.31,76
113,rikitea,pf,-23.12,-134.97,98,24.19,3.76,24
118,benguela,ao,-12.58,13.4,100,23.36,3.41,36
120,tuktoyaktuk,ca,69.44,-133.03,92,-5,5.1,90
121,saskylakh,ru,71.97,114.09,79,-11.82,1.86,64
122,fairbanks,us,64.84,-147.72,100,2,1.5,90
123,rottingdean,gb,50.8,-0.06,93,12,1,0
125,albany,au,42.65,-73.75,44,16,5.1,75
127,havre-saint-pierre,ca,50.23,-63.6,93,7,3.1,90
131,marzuq,ly,14.4,46.47,93,14.01,1.01,0
132,erice,it,38.04,12.59,83,21,2.6,40
133,buckeye,us,33.37,-112.58,37,32,5.7,1
137,huaicheng,cn,23.91,112.19,100,20.41,1.51,88
138,auki,sb,12.18,6.51,46,20.74,2.71,0
139,vestmanna,fo,62.16,-7.17,87,9,6.7,80
143,penzance,gb,50.12,-5.53,93,11,4.1,0
146,maracaibo,ve,3.41,-75.78,93,20.36,0.36,44
147,baena,es,37.62,-4.32,93,16,6.2,0
148,tori,ee,41.76,43.42,90,8.44,1.11,0
149,kapaa,us,22.08,-159.32,69,28,6.2,75
154,meulaboh,id,4.14,96.13,100,25.89,1.31,64
157,ribeira grande,pt,38.52,-28.7,77,20,3.1,40
159,ponta do sol,cv,-20.63,-46,63,22.69,2.51,36
160,daru,pg,7.99,-10.85,100,22.36,1.21,32
166,wanning,cn,48.64,13.53,87,10,3.1,40
167,carnarvon,au,-30.97,22.13,30,10.86,8.21,0
169,calvinia,za,-31.47,19.78,16,18.34,8.16,0
171,saint george,bm,39.45,22.34,68,18,2.1,75
172,oeiras,br,-7.01,-42.13,52,30.69,1.31,48
176,clyde river,ca,70.47,-68.59,84,-14,1,90
179,harper,lr,30.3,-99.24,77,18,5.7,90
182,kruisfontein,za,-34,24.73,89,13.94,5.36,20
183,butaritari,ki,3.07,172.79,100,28.66,1.21,48
184,nicoya,cr,10.15,-85.45,66,30,8.2,40
186,mitsamiouli,km,-11.38,43.28,78,25,3.6,20
187,humberto de campos,br,-2.6,-43.46,88,27.44,6.26,0
188,hamilton,bm,32.3,-64.78,64,24,5.7,75
189,along,in,28.17,94.8,67,16.11,0.86,76
190,pisco,pe,-13.71,-76.2,72,20,4.6,20
191,husavik,is,50.56,-96.99,86,2.51,2.86,8
193,cayenne,gf,4.94,-52.33,66,30,5.1,0
194,lompoc,us,34.64,-120.46,28,32,6.7,1
197,kununurra,au,-15.77,128.74,74,27,1.31,75
198,beloha,mg,-25.17,45.06,88,14.34,1.01,0
199,wlodawa,pl,51.55,23.55,82,6.59,1.41,88
200,broome,au,52.47,1.45,87,13,2.1,0
201,san patricio,mx,-26.98,-56.83,68,26.49,2.11,0
203,severobaykalsk,ru,55.65,109.32,87,-2.37,1.21,88
204,faanui,pf,-16.48,-151.75,100,25.41,2.51,76
207,harare,zw,-17.83,31.05,79,17.09,4.91,56
209,mingshui,cn,22.81,109.89,98,21.19,1.51,76
212,port elizabeth,za,39.31,-74.98,63,18,5.1,20
214,mahebourg,mu,-20.41,57.7,94,22,3.1,40
215,jinji,cn,22.16,112.49,92,22.11,2.56,92
217,tasiilaq,gl,65.61,-37.64,97,1,3.6,64
218,san ignacio,pe,-36.8,-72.03,37,19,3.1,20
224,hambantota,lk,6.12,81.12,100,26.76,4.11,68
225,touros,br,-5.2,-35.46,81,26.14,5.41,0
227,dusti,tj,37.35,68.68,88,6.54,1.41,0
230,cabo san lucas,mx,22.89,-109.91,65,30,1.21,20
231,khilok,ru,51.36,110.46,90,-1.77,2.31,80
232,myaundzha,ru,63.05,147.18,44,-27.09,1.16,44
234,krapivinskiy,ru,55,86.81,92,-3,3,0
236,arraial do cabo,br,-22.97,-42.02,53,24,2.6,40
237,hofn,is,64.25,-15.21,98,6.66,17.66,24
239,iquique,cl,-20.22,-70.14,68,18,7.2,90
244,harrison,us,39.26,-84.82,50,17,10.3,40
249,namibe,ao,-15.19,12.15,100,21.89,3.01,12
250,chokurdakh,ru,70.62,147.9,83,-10.34,5.06,56
253,taltal,cl,-25.41,-70.49,70,19.01,1.66,48
256,morro bay,us,35.37,-120.85,23,32,3.6,1
257,ranong,th,9.96,98.62,100,25.26,3.71,92
258,saint-philippe,re,45.36,-73.48,54,14,7.2,1
259,nurota,uz,40.56,65.69,43,10,5.1,0
260,kissidougou,gn,9.19,-10.1,92,21.51,1.86,56
261,pangody,ru,65.85,74.49,89,-5.67,6.91,80
262,ilulissat,gl,69.22,-51.1,52,-8,7.7,36
263,biak,id,-0.91,122.88,100,24.76,1.41,80
264,pangnirtung,ca,66.15,-65.72,100,-7.72,2.41,56
266,khash,ir,28.22,61.21,50,11.11,0.91,44
269,ahipara,nz,-35.17,173.16,74,17.76,1.61,0
273,qasigiannguit,gl,68.82,-51.19,52,-8,7.7,36
275,gushikawa,jp,26.35,127.87,82,22,2.1,1
278,simplicio mendes,br,-7.85,-41.91,70,27.84,1.56,8
280,bredasdorp,za,-34.53,20.04,62,15,7.7,0
281,wencheng,cn,27.79,120.09,99,8.76,0.86,0
283,westport,nz,53.8,-9.52,98,13.89,5.71,88
285,adrar,dz,27.87,-0.29,19,27,2.1,0
287,tiksi,ru,71.64,128.87,80,-9.37,4.01,48
289,ingham,au,-18.65,146.16,100,24.01,1.26,48
290,lavrentiya,ru,65.58,-170.99,100,3.61,6.36,12
291,roald,no,62.58,6.12,71,12,8.2,75
294,bethel,us,60.79,-161.76,100,-1,2.6,40
296,acapulco,mx,16.86,-99.88,74,29,4.6,75
298,pilar,ph,-34.46,-58.91,63,17,5.7,0
302,lumberton,us,30.27,-94.2,88,23,4.1,90
303,tokmak,kg,47.26,35.7,85,8.61,1.36,44
307,tucuru,gt,15.3,-90.07,91,23.79,1.11,80
310,kokorevka,ru,52.59,34.27,85,3.69,3.91,0
312,shakawe,bw,-18.36,21.84,27,25.29,3.71,24
314,srivardhan,in,18.03,73.02,95,24.51,1.81,24
316,muscle shoals,us,34.75,-87.67,77,19,3.6,20
318,opuwo,na,-18.06,13.84,27,21.16,2.76,0
322,fortuna,us,38.18,-1.13,78,22,6.7,0
323,omsukchan,ru,62.53,155.8,91,-10.97,1.41,88
326,gayeri,bf,12.65,0.49,42,25.89,1.96,12
328,fethiye,tr,36.62,29.12,88,17,2.6,0
330,grand gaube,mu,-20.01,57.66,94,22,3.1,40
334,abalak,ne,15.46,6.28,28,24.49,3.06,0
336,boundiali,ci,9.53,-6.48,96,21.69,1.96,20
339,norman wells,ca,65.28,-126.83,86,-1,7.2,75
344,victoria,sc,5.28,115.24,88,26,1.06,75
345,wana,pk,32.31,69.59,82,0.49,1.26,0
346,ambilobe,mg,-13.19,49.05,91,20.74,1.56,20
347,provideniya,ru,64.42,-173.23,100,2.89,4.21,48
349,guerrero negro,mx,27.97,-114.04,47,28.14,2.56,0
350,dikson,ru,73.51,80.55,100,-1.74,6.51,12
351,geraldton,au,49.72,-86.95,63,-1,4.1,90
355,malanje,ao,-9.54,16.35,94,19.79,0.46,44
358,houma,us,35.63,111.36,62,7.49,1.16,80
360,manzhouli,cn,49.6,117.43,92,2.24,1.36,68
361,rawson,ar,-43.3,-65.11,59,16.94,8.66,8
363,manchester,us,53.48,-2.24,93,14,1.5,20
364,kurumkan,ru,54.33,110.32,95,-2.32,0.76,88
372,poya,nc,-21.35,165.16,100,22.44,4.46,76
373,genhe,cn,50.78,121.52,73,0.19,2.26,8
376,conde,br,-11.81,-37.61,79,27.01,5.36,0
379,cao bang,vn,22.67,106.25,99,20.39,1.21,76
384,ancud,cl,-41.87,-73.83,76,11.26,5.06,76
385,upernavik,gl,72.79,-56.15,100,-5.82,5.31,68
388,luderitz,na,-26.65,15.16,77,16,4.1,0
389,san carlos de bariloche,ar,-41.13,-71.31,37,12,8.7,40
391,metes,ro,46.1,23.42,87,14,1,20
401,ponta delgada,pt,37.73,-25.67,88,19,6.7,75
406,sampit,id,-2.54,112.95,99,21.91,2.41,92
407,uarini,br,-2.98,-65.16,74,30,1.31,40
408,canala,nc,-21.52,165.96,73,24,1,40
409,la rioja,ar,-29.41,-66.86,83,21.69,2.31,92
410,aksarka,ru,66.56,67.8,86,-5.12,5.06,76
413,mar del plata,ar,-46.43,-67.52,37,18.54,7.36,12
416,berlevag,no,70.86,29.09,100,0.11,2.11,88
417,bambous virieux,mu,-20.34,57.76,94,22,3.1,40
420,lata,sb,30.78,78.62,66,4.09,1.16,0
421,tilichiki,ru,60.47,166.1,83,-10.57,1.26,0
422,coahuayana,mx,18.62,-100.35,69,26.61,1.31,8
424,krutinka,ru,56.01,71.51,96,5.19,2.36,92
432,aketi,cd,2.74,23.78,71,25.64,1.26,8
439,najran,sa,17.54,44.22,93,19,1.5,40
440,eyl,so,7.98,49.82,100,24.74,2.96,92
442,deputatskiy,ru,69.3,139.9,52,-20.57,2.56,8
443,dawlatabad,af,36.41,64.91,72,2.64,1.16,0
446,soma,tr,37.8,140.92,93,7,1.5,20
450,gornopravdinsk,ru,60.06,69.92,100,1.86,2.36,92
455,jamestown,sh,-33.21,138.6,80,4.39,1.56,0
456,tomari,ru,47.76,142.06,99,5.76,4.81,0
461,nimes,fr,43.83,4.35,67,17,3.6,0
462,severo-kurilsk,ru,50.68,156.12,100,2.86,1.31,20
464,rio claro,tt,-22.41,-47.56,41,26,5.7,0
466,ossora,ru,59.24,163.07,100,0.14,2.11,64
467,chuy,uy,-33.69,-53.46,79,15.84,4.71,0
473,constitucion,mx,23.99,-104.67,60,20,2.1,90
480,te anau,nz,-45.41,167.72,81,13.49,1.86,0
483,pombas,cv,-15.9,-54.74,80,28.54,1.31,32
486,djambala,cg,-2.55,14.76,95,22.04,1.61,12
487,kotido,ug,3.01,34.12,88,17.49,3.51,0
488,dongning,cn,44.06,131.12,71,-0.99,1.41,0
492,yuli,tw,10.52,9.86,41,23.36,1.86,0
496,plastun,ru,44.76,136.29,57,5.11,1.96,0
502,khatanga,ru,71.98,102.47,92,-14.67,3.21,76
504,araouane,ml,18.9,-3.53,21,30.26,5.26,88
505,kaitangata,nz,-46.28,169.85,92,15.36,1.81,80
506,oranjemund,na,-28.55,16.43,70,19.39,9.91,0
507,fort nelson,ca,58.81,-122.69,32,13,3.6,40
508,oktyabrskoye,ru,56.73,85.44,82,-1.42,2.91,20
510,bilma,ne,18.69,12.92,27,22.26,1.26,0
515,oulainen,fi,64.27,24.8,97,3.26,2.41,0
517,katsuura,jp,33.93,134.5,94,13.14,4.01,0
529,souillac,mu,45.6,-0.6,72,16,2.1,0
531,pevek,ru,69.7,170.27,100,-3.77,4.66,92
532,ishigaki,jp,24.34,124.16,100,23.49,5.36,76
534,quatre cocos,mu,-20.21,57.76,94,22,3.1,40
535,darnah,ly,32.77,22.64,97,24.51,4.56,0
536,abbeville,fr,50.11,1.83,100,8,1,20
538,vikulovo,ru,55.07,40.96,82,-0.84,1.31,0
540,dolores,ar,-33.53,-58.22,42,21.99,5.71,48
541,hue,vn,16.47,107.58,100,24,1,40
546,hanmer springs,nz,-42.52,172.83,55,14.64,1.41,8
566,eureka,us,40.8,-124.16,93,15,2.1,75
571,mbeya,tz,-8.91,33.47,88,15.49,2.51,20
572,hay river,ca,60.82,-115.79,35,13,7.2,75
574,russell,nz,-33.01,-68.8,68,18,1.5,40
575,los llanos de aridane,es,28.66,-17.92,68,22,2.1,75
576,afsin,tr,38.25,36.91,91,5.49,1.16,36
579,kenscoff,ht,18.45,-72.29,58,31,5.1,20
580,durango,mx,37.28,-107.88,25,21,3.1,1
584,stromness,gb,42.87,-79.55,100,11,7.16,90
585,koutiala,ml,12.39,-5.46,80,25.29,2.16,76
586,krasnyy yar,ru,50.7,44.73,85,5.51,1.86,0
587,santiago,cl,-33.44,-70.65,25,24,3.1,0
589,isangel,vu,-19.55,169.27,100,23.09,10.61,100
590,ortigueira,br,43.68,-7.85,82,16,7.76,0
592,goderich,sl,43.74,-81.71,100,5.69,5.36,92
595,bodden town,ky,19.28,-81.25,74,30,6.7,40
603,bandarbeyla,so,9.49,50.81,100,24.29,2.76,100
607,gaoual,gn,11.75,-13.2,83,26.16,1.66,36
611,hualmay,pe,-11.1,-77.61,69,20.16,2.41,20
613,coquimbo,cl,-29.95,-71.34,59,17,6.7,0
615,elizabethtown,us,40.15,-76.6,51,18,5.1,40
617,ostrovnoy,ru,68.05,39.51,97,0.74,4.11,56
618,alice springs,au,-23.7,133.88,46,10,1.5,0
620,monrovia,lr,6.33,-10.8,88,27,1.5,75
622,makakilo city,us,21.35,-158.09,58,29,3.6,1
628,beringovskiy,ru,63.05,179.32,100,-2.47,8.76,24
629,cavalcante,br,-13.79,-47.46,87,24.39,1.11,12
631,salta,ar,-24.79,-65.41,53,27,5.7,75
632,dicabisagan,ph,17.08,122.42,100,25.01,5.71,88
642,matamoros,mx,25.87,-97.51,83,24,4.1,90
643,luwuk,id,-0.95,122.79,100,24.76,1.41,80
647,saldanha,za,41.42,-6.55,70,16.69,5.41,0
649,sinjar,iq,35.59,37,87,16.09,2.31,20
654,bilibino,ru,68.06,166.44,82,-11.77,1.31,88
655,mehamn,no,71.03,27.85,100,0.51,1.66,64
657,vao,nc,59.1,26.19,96,5.74,1.16,92
661,rehoboth,na,-23.31,17.08,31,20.16,1.91,56
663,leningradskiy,ru,69.38,178.42,100,-2.02,4.56,88
664,canberra,au,-35.3,149.1,100,7,1,90
665,faya,td,18.39,42.45,88,17,2.1,40
669,caloundra,au,-26.8,153.14,82,20,6.2,75
670,nanortalik,gl,60.14,-45.24,91,0.51,14.21,24
675,vanavara,ru,60.35,102.28,91,-3.07,1.16,88
678,fortuna foothills,us,32.66,-114.41,29,31,4.1,1
679,itarema,br,-2.92,-39.92,64,27.76,6.46,0
680,montepuez,mz,-13.13,39,94,20.09,2.76,8
683,kavaratti,in,10.57,72.64,100,28.09,0.86,32
684,port blair,in,11.67,92.75,100,27.64,1.36,36
686,kisangani,cd,0.52,25.21,88,24.79,1.31,12
688,puquio,pe,-14.69,-74.12,19,15.19,3.86,20
689,hobyo,so,5.35,48.53,91,25.44,2.86,92
697,longyearbyen,sj,78.22,15.63,69,3,9.3,40
705,puerto escondido,mx,15.86,-97.07,62,31,4.1,75
709,dalby,au,-27.18,151.26,93,18,2.6,36
711,darlawn,in,24.02,92.93,90,16.51,0.91,0
712,tuatapere,nz,-46.13,167.69,78,14.66,3.81,0
713,solnechnyy,ru,50.72,136.64,76,-5.57,1.16,0
718,pulaski,us,37.05,-80.78,55,20,6.2,1
720,vila velha,br,-3.71,-38.6,69,28,5.7,75
721,ramsar,ir,36.92,50.64,82,17,2.01,40
722,kloulklubed,pw,7.04,134.26,94,25,2.1,75
729,sangar,ru,63.92,127.47,77,-7.99,2.11,92
733,abu samrah,qa,35.3,37.18,87,16.09,2.31,20
736,longkou,cn,37.64,120.47,100,11.39,3.01,0
741,samarai,pg,-10.62,150.67,100,26.49,4.01,32
743,abu dhabi,ae,24.47,54.37,62,29,1.5,0
746,sonoita,mx,31.68,-110.66,44,30,7.7,40
747,periyapatti,in,11.22,78.15,100,19.01,0.56,24
749,juneau,us,58.3,-134.42,87,9,6.2,90
750,cherskiy,ru,68.75,161.3,85,-11.64,2.01,68
751,castro,cl,-42.48,-73.76,91,9.51,4.01,56
754,olinda,br,-2.03,-79.75,55,30,4.1,0
761,rovaniemi,fi,66.5,25.72,100,3,3.6,90
765,chumikan,ru,54.72,135.31,100,-1.62,3.41,0
768,farah,af,32.37,62.11,83,7.84,1.31,0
771,sorland,no,67.67,12.69,100,9.19,18.91,92
773,port macquarie,au,-31.43,152.91,100,18,2.1,90
779,calama,cl,-22.46,-68.93,3,25,12.3,0
780,panaba,mx,21.28,-88.27,56,31.94,3.81,8
781,brooks,ca,50.57,-111.89,36,16.41,6.56,0
782,koumac,nc,-20.56,164.28,84,24.74,2.21,44
783,providencia,mx,1.24,-77.6,73,21,1.11,75
786,srednekolymsk,ru,67.46,153.71,85,-11.67,1.31,80
788,aloleng,ph,16.13,119.78,100,25.84,0.61,0
790,lokosovo,ru,61.13,74.84,93,0.61,4.06,92
801,klyavlino,ru,54.26,52.03,86,5.74,2.81,56
803,puerto madryn,ar,-42.77,-65.04,82,13.36,8.51,64
806,kandrian,pg,-6.21,149.55,100,23.66,1.61,92
813,codrington,ag,-28.95,153.24,100,17.76,1.46,92
817,agulu,ng,6.11,7.07,90,24.59,2.21,24
818,paamiut,gl,61.99,-49.67,100,0.51,7.46,20
820,necochea,ar,-38.55,-58.74,61,16.74,3.56,24
824,zaysan,kz,47.47,84.87,89,-1.22,2.11,92
825,feldkirchen an der donau,at,48.34,14.05,87,10,3.6,75
830,cabedelo,br,-6.97,-34.84,69,27,4.1,40
832,guymon,us,36.68,-101.48,21,22,1.5,1
838,chililabombwe,zm,-12.37,27.84,96,17.89,3.66,80
840,tomatlan,mx,19.93,-105.25,75,29.54,1.86,12
845,blessington,ie,53.17,-6.53,82,15,5.1,75
846,oxbow,ca,49.23,-102.17,26,7,5.7,1
847,grindavik,is,63.84,-22.43,80,5,18.5,75
849,nouadhibou,mr,20.93,-17.03,77,21,5.1,32
864,okakarara,na,-20.59,17.46,22,26.86,3.86,80
865,talara,pe,-4.58,-81.27,61,25,7.7,0
866,ouegoa,nc,-20.34,164.44,84,24.74,2.21,44
869,nishihara,jp,35.74,139.53,54,16,3.1,1
872,haverfordwest,gb,51.8,-4.97,87,9,0.5,0
874,portovelo,ec,-3.72,-79.62,55,26.09,1.76,88
879,boueni,yt,-12.9,45.08,83,26,2.1,0
885,matara,lk,-13.74,-72.9,65,13.51,0.31,80
890,sakyla,fi,61.03,22.33,93,5,2.1,0
899,mildura,au,-34.18,142.16,69,9.59,1.46,0
901,oranjestad,aw,12.52,-70.03,70,30,7.2,40
906,poum,nc,41.28,20.71,92,3.26,0.51,0
914,sembabule,ug,-0.08,31.46,92,16.36,1.31,8
919,ushtobe,kz,45.25,77.98,77,2.49,3.76,0
921,maryborough,au,-25.54,152.7,100,18.14,1.21,92
926,viedma,ar,-40.81,-62.99,70,15.51,6.56,80
933,parrita,cr,9.52,-84.33,83,23,3.1,75
935,mana,gf,43.52,20.24,100,13,0.5,40
942,iracoubo,gf,5.48,-53.21,74,28.34,3.16,8
946,atar,mr,20.52,-13.05,55,23.74,2.06,32
947,hopkinsville,us,36.87,-87.49,37,19,7.2,1
950,port hawkesbury,ca,45.62,-61.36,93,14,10.8,90
959,iqaluit,ca,63.75,-68.52,78,-8,2.6,75
971,jennings,us,-28.93,151.93,100,15.04,1.71,92
975,sorong,id,-0.86,131.25,100,26.79,4.41,12
976,mumford,gh,5.26,-0.76,87,25.99,3.66,8
981,kattivakkam,in,13.22,80.32,94,26,1.5,75
988,chikhli,in,20.76,73.06,92,21.91,0.96,24
995,paraguacu paulista,br,-22.41,-50.58,41,25.59,5.71,12
998,iquitos,pe,-3.75,-73.25,66,32,3.1,75
1002,pahrump,us,36.21,-115.98,23,26,1.5,1
1003,nsanje,mw,-16.92,35.26,81,22.11,5.61,92
1005,ambanja,mg,-13.68,48.45,95,19.89,1.06,44
1006,balkhash,kz,46.84,74.98,100,4.99,5.81,0
1010,usinsk,ru,66,57.56,90,-8.32,3.06,0
1012,brightwater,nz,-41.37,173.11,50,17.19,0.76,8
1013,ajdabiya,ly,30.75,20.22,87,21.79,4.81,0
1014,huilong,cn,28.89,110.18,98,11.11,1.21,92
1018,camacha,pt,33.08,-16.33,72,20,2.6,40
1019,rizhao,cn,35.43,119.46,81,8.34,0.91,0
1022,tessalit,ml,20.2,1.01,20,27.86,4.21,76
1027,acayuca,mx,20.03,-98.84,67,17.49,5.36,68
1028,babu,cn,23.23,104.89,96,13.34,0.81,48
1032,prado,br,-17.34,-39.22,98,25.04,12.21,76
1035,tazovskiy,ru,67.47,78.7,86,-11.82,3.21,76
1043,sabang,id,13.72,123.58,100,23.54,1.01,92
1044,mumbwa,zm,-14.99,27.06,61,21.44,3.76,0
1047,diffa,ne,13.32,12.61,49,21.66,1.26,0
1050,parabel,ru,58.71,81.5,78,0.79,4.36,80
1053,harindanga,in,22.04,88.32,94,25,0.76,20
1059,butembo,cd,0.12,29.29,96,15.79,0.76,44
1065,huarmey,pe,-10.07,-78.15,56,21.09,1.76,8
1067,umred,in,20.85,79.32,69,24,1.26,20
1074,natal,br,-5.81,-35.21,65,28,6.7,40
1081,point pedro,lk,9.82,80.23,100,25.29,1.61,32
1083,namatanai,pg,-3.66,152.44,100,26.54,3.46,8
1086,bulolo,pg,-7.2,146.64,98,16.69,0.56,80
1089,nikki,bj,9.94,3.21,67,22.41,1.21,0
1100,ulaangom,mn,49.98,92.07,67,-5.92,1.96,76
1101,bongor,td,10.28,15.37,64,23.79,1.21,0
1103,strathroy,ca,42.96,-81.62,81,8,4.1,90
1107,cangzhou,cn,38.3,116.85,61,4.44,1.31,44
1109,gaoyou,cn,32.79,119.43,97,10.79,3.31,0
1118,mercedes,us,-33.25,-58.03,53,21.01,6.01,68
1119,hami,cn,42.84,93.51,77,-3.42,1.26,32
1125,kochi,in,9.96,76.25,94,25,1.61,75
1128,agadez,ne,16.97,7.99,19,27.24,4.31,0
1130,mundo nuevo,mx,-32.72,-71.41,59,19,5.1,0
1132,gizo,sb,31.8,34.94,69,24,1.5,0
1134,zhigansk,ru,66.77,123.37,96,-4.34,3.01,92
1135,mount gambier,au,-37.83,140.78,91,8.61,1.31,0
1137,kirchbichl,at,47.51,12.09,87,8,1,40
1139,borba,br,38.81,-7.46,88,17,4.1,20
1140,zyryanka,ru,65.73,150.89,80,-14.14,1.36,32
1141,trapani,it,38.02,12.54,83,21,2.6,40
1142,florestopolis,br,-22.86,-51.39,42,27,3.6,20
1146,tual,id,-5.67,132.75,100,27.84,4.21,36
1148,zalantun,cn,48,122.72,56,0.19,1.86,0
1152,tambun,id,4.62,101.14,94,24,1.5,75
1156,arlington,us,38.89,-77.08,45,20,3.6,75
1159,caceres,br,5.53,-74.53,90,22.34,1.16,36
1162,ust-koksa,ru,50.27,85.62,75,-8.42,1.01,64
1163,praia da vitoria,pt,38.73,-27.07,93,19,8.26,75
1164,shetpe,kz,44.14,52.16,68,5.24,2.81,0
1165,swan hill,au,-35.34,143.56,77,9.34,1.36,0
1167,phan thiet,vn,10.93,108.1,100,25.11,2.61,8
1176,weligama,lk,5.97,80.42,96,26.14,3.51,76
1179,flinders,au,-34.58,150.85,100,13,3.6,90
1182,urdoma,ru,61.74,48.55,84,0.54,2.26,88
1184,hammond,us,30.5,-90.46,78,27,1.5,40
1185,tangi,pk,34.3,71.65,59,17,1.16,5
1187,dibai,in,28.21,78.26,69,19.34,1.31,0
1193,la cruz,mx,23.92,-106.89,49,33.16,1.51,44
1194,kungurtug,ru,50.6,97.53,91,-4.84,1.16,92
1195,champerico,gt,16.38,-93.6,66,29,3.1,40
1196,bathsheba,bb,13.22,-59.52,69,28,8.2,40
1203,padang,id,-0.92,100.36,100,27.64,1.51,92
1207,safranbolu,tr,41.25,32.69,100,13.41,0.96,92
1214,tanout,ne,14.97,8.88,16,28.36,4.96,0
1215,bagotville,ca,-28.98,153.42,100,19.19,3.46,92
1218,tamiahua,mx,21.28,-97.45,100,23.84,7.71,92
1221,emilio carranza,mx,19.97,-96.61,98,23.69,3.91,80
1225,guacimo,cr,8.09,-76.36,62,32,3.1,40
1227,rorvik,no,64.86,11.24,100,7.84,8.86,92
1228,meridian,us,32.36,-88.7,77,21,5.1,90
1231,gavle,se,60.67,17.14,96,4.16,2.26,0
1233,san jose,gt,15.79,120.99,79,24.64,1.21,32
1235,sao felix do xingu,br,-6.64,-51.99,93,24.51,0.96,36
1237,lorengau,pg,-2.02,147.27,100,27.89,1.96,32
1242,petropavlovsk-kamchatskiy,ru,53.05,158.65,92,-2,1,0
1243,shimoda,jp,34.7,138.93,100,18.66,10.16,0
1246,tiarei,pf,-17.53,-149.33,66,29,8.2,75
1247,port hardy,ca,50.7,-127.42,93,11,2.1,75
1250,xining,cn,36.62,101.77,91,0.74,0.76,92
1253,ocos,gt,14.51,-92.19,58,31,3.1,75
1255,iberia,pe,-11.41,-69.49,84,25.14,2.06,92
1256,arman,ru,59.7,150.17,100,3,1.51,90
1258,lithakia,gr,37.72,20.83,72,20,4.16,0
1259,nanchang,cn,28.68,115.89,100,15.91,2.26,88
1262,de aar,za,-30.65,24.01,29,11.26,7.26,0
1268,nago,jp,45.88,10.89,82,16,2.1,0
1273,mapimi,mx,25.82,-103.85,68,22,2.1,90
1279,paris,us,48.86,2.35,76,12,1.5,0
1281,whitehorse,ca,60.72,-135.06,37,10,8.2,40
1282,praia,cv,-20.25,-43.81,60,24,6.2,75
1288,vanimo,pg,-2.67,141.3,100,27.16,1.76,88
1293,matagami,ca,9.67,8.4,60,19.76,2.06,0
1295,ambon,id,47.55,-2.56,87,12,3.1,0
1302,taoudenni,ml,22.68,-3.98,41,26.86,5.86,76
1303,lazaro cardenas,mx,28.39,-105.62,100,15,6.7,90
1311,iralaya,hn,15,-83.23,86,28.29,3.66,88
1316,maria aurora,ph,15.8,121.47,79,24.64,1.21,32
1317,nanakuli,us,21.39,-158.15,58,29,3.6,1
1321,cap-aux-meules,ca,47.38,-61.86,82,13,10.8,90
1323,isabela,us,10.2,122.99,100,22.79,1.11,48
1327,san quintin,mx,17.54,120.52,88,20.66,1.71,0
1341,agirish,ru,61.92,63.02,82,-2.49,4.06,92
1354,mareeba,au,-16.99,145.42,83,23,1.81,20
1358,neuquen,ar,-38.95,-68.06,77,15,2.11,75
1360,yichun,cn,27.8,114.38,100,14.91,1.16,92
1362,eenhana,na,-17.48,16.34,14,31,1,12
1365,nalut,ly,31.86,10.98,81,17.26,2.86,8
1367,myrtle beach,us,33.7,-78.89,83,26,2.6,1
1371,wladyslawowo,pl,54.79,18.4,93,7,1.5,20
1373,shitanjing,cn,39.23,106.34,87,0.66,1.01,80
1377,mocuba,mz,-16.84,36.99,99,21.64,3.26,92
1382,outjo,na,-20.11,16.16,28,27,0.5,100
1384,magway,mm,20.15,94.92,90,22.86,1.81,0
1388,tondano,id,1.3,124.91,94,24,1,40
1389,heidelberg,za,49.41,8.69,66,13,2.6,0
1392,ketchikan,us,55.34,-131.65,81,12,3.6,75
1398,glasgow,us,55.86,-4.24,93,15,7.2,90
1400,naze,jp,5.43,7.07,91,24.74,2.46,20
1401,nome,us,30.04,-94.42,88,23,4.1,90
1402,vestmannaeyjar,is,63.44,-20.27,99,6.16,15.81,92
1408,nioro,ml,13.79,-15.05,74,29.16,1.16,56
1421,tsaratanana,mg,-16.8,47.65,92,20.04,1.51,36
1423,kargasok,ru,59.06,80.87,76,1.01,3.71,92
1424,luorong,cn,24.41,109.6,98,18.76,1.91,92
1430,baft,ir,29.23,56.61,72,7.26,0.66,88
1433,churapcha,ru,62,132.43,82,-6.67,1.26,76
1435,netarhat,in,23.45,84.31,83,13.84,1.06,0
1436,ust-tsilma,ru,65.44,52.15,90,-3.49,1.41,68
1438,ust-ilimsk,ru,57.96,102.73,86,-3.32,1.16,56
1440,dunedin,nz,-45.87,170.5,77,14.86,1.71,48
1446,kupang,id,-10.16,123.6,100,24.59,1.76,0
1447,marienburg,sr,52.12,9.98,71,11,2.6,75
1450,brigantine,us,39.41,-74.36,68,19,4.6,1
1454,log,ru,45.62,13.84,93,18,4.1,0
1459,rodrigues alves,br,-7.74,-72.65,88,25,2.1,90
1461,quartucciu,it,39.25,9.18,88,20,1,0
1473,opotiki,nz,-38.01,177.29,98,15.26,5.16,0
1480,carutapera,br,-1.2,-46.02,74,28.01,4.66,12
1495,gat,ly,14.69,-16.54,48,30.86,1.91,48
1501,saint-louis,re,47.59,7.56,93,8,1,0
1507,rio gallegos,ar,-51.62,-69.22,36,17,6.2,0
1516,verkhnyaya inta,ru,65.99,60.32,86,-6.52,1.61,0
1520,suba,ph,28.73,103.51,100,12.04,0.61,92
1522,unai,br,-16.36,-46.91,63,26.61,1.86,32
1523,mehran,ir,33.12,46.17,67,14,2.1,75
1524,duvan,ru,55.69,57.9,95,3.09,3.06,20
1525,denpasar,id,-8.65,115.22,100,20.99,0.11,68
1526,senneterre,ca,48.39,-77.24,67,0,4.6,90
1529,erie,us,42.13,-80.09,75,8,3.6,90
1534,mangrol,in,25.33,76.51,55,20.86,1.31,36
1536,uvalde,us,29.21,-99.79,69,25,2.6,90
1539,sola,vu,62.78,29.36,100,4,1,90
1542,kampot,kh,10.62,104.18,98,23.76,1.41,76
1543,namie,jp,37.52,140.86,93,7,1.5,20
1548,mul,in,20.07,79.68,72,25.04,2.01,64
1550,nha trang,vn,12.24,109.19,100,23.59,2.31,64
1556,luxor,eg,25.7,32.65,39,26,1,0
1559,mnogovershinnyy,ru,53.94,139.92,70,0.69,2.31,80
1561,laakirchen,at,47.98,13.82,87,10,3.6,75
1573,lilongwe,mw,-13.97,33.79,88,19.11,4.16,44
1574,ziro,in,27.54,93.82,95,11.34,0.76,44
1577,ucluelet,ca,48.94,-125.55,81,12,2.6,20
1579,road town,vg,18.42,-64.62,78,29,4.6,75
1582,kouvola,fi,60.87,26.7,100,5,1,90
1587,balakhninskiy,ru,58.01,114.28,87,-4.82,1.01,80
1590,dongsheng,cn,29.72,112.52,99,14.39,3.86,100
1592,drochia,md,48.03,27.81,89,12.61,3.46,80
1594,mount isa,au,-20.73,139.49,31,22,3.1,0
1599,carrollton,us,33.58,-85.08,77,21,3.1,90
1600,harsud,in,21.96,76.7,67,22.24,1.21,20
1602,severodvinsk,ru,64.56,39.82,100,4,1,90
1608,saint-paul,re,45.22,1.9,81,12,1,0
1617,san vicente,ph,13.64,-88.78,94,25,2.1,40
1626,kodinsk,ru,58.6,99.18,94,-2.92,1.16,80
1632,tadine,nc,-21.55,167.88,97,23.76,9.96,92
1634,gondar,et,41.82,-8.78,77,21,3.1,0
1637,anori,br,-3.74,-61.66,59,30.91,2.21,12
1645,morros,br,-2.87,-44.04,74,28,7.2,20
1646,luga,ru,58.74,29.85,94,4.41,1.16,76
1647,likhoy,ru,48.13,40.2,89,9.36,1.31,44
1649,hobe sound,us,27.06,-80.14,66,31,4.1,20
1650,megion,ru,61.04,76.11,90,0,5,90
1652,jinka,et,5.79,36.57,95,15.69,0.46,44
1658,owando,cg,-0.49,15.91,92,23.69,1.01,8
1659,yaransk,ru,57.3,47.88,85,3.39,2.66,68
1660,colares,pt,38.8,-9.45,68,19,2.1,0
1661,villa carlos paz,ar,-31.42,-64.5,82,18,1.5,20
1662,mabaruma,gy,8.2,-59.78,81,28.86,2.66,48
1664,russkaya polyana,ru,53.78,73.88,94,7.49,6.71,92
1667,san ramon de la nueva oran,ar,-23.13,-64.33,80,26.64,2.36,56
1673,sisimiut,gl,66.94,-53.67,100,-9.82,0.76,68
1677,claveria,ph,8.61,124.89,100,19.51,1.01,0
1685,bonavista,ca,48.65,-53.11,85,9.79,12.01,92
1686,ygatimi,py,-24.08,-55.5,65,25.59,1.86,20
1697,san juan,us,-31.54,-68.53,76,17.51,1.76,44
1702,pervomayskoye,ru,57.07,86.23,88,-2.27,4.31,0
1706,comodoro rivadavia,ar,-45.87,-67.48,55,18,1,40
1708,mocoa,co,1.15,-76.65,85,19.54,0.41,48
1715,osypenko,ua,48.04,34.39,71,12,3,80
1717,batesville,us,35.77,-91.64,37,21,3.1,1
1718,qaqortoq,gl,60.72,-46.03,38,-3,4.6,0
1729,lianran,cn,24.92,102.47,93,12,6,0
1741,ballina,au,54.11,-9.15,97,14.16,5.01,88
1742,kungalv,se,57.87,11.98,93,5,2.6,0
1746,conceicao do araguaia,br,-8.26,-49.26,95,26.09,2.66,32
1748,valley,us,53.28,-4.56,93,14,7.2,76
1771,lucapa,ao,-8.42,20.74,92,21.61,1.16,20
1772,pitimbu,br,-7.47,-34.81,69,27,4.1,40
1776,valparaiso,cl,41.47,-87.06,65,6,7.7,90
1789,tommot,ru,58.97,126.27,86,-8.49,1.06,20
1795,pangai,to,-19.8,-174.35,100,23.84,10.76,24
1800,bumba,cd,2.18,22.47,86,23.49,2.66,44
1801,gamboma,cg,-1.87,15.88,85,24.11,1.51,12
1805,aksay,kz,47.27,39.86,88,10.59,1.31,48
1807,poronaysk,ru,49.22,143.1,100,-1.92,2.76,0
1810,port-gentil,ga,-0.72,8.78,83,27,6.7,40
1811,balaipungut,id,1.11,101.31,97,23.24,1.41,92
1812,tura,ru,25.52,90.21,94,18.39,1.11,8
1815,scarborough,tt,54.28,-0.41,81,13,2.1,32
1817,agua verde,mx,22.89,-105.97,62,32,3.6,75
1825,palu,id,-0.9,119.87,98,18.74,0.71,80
1832,yaan,cn,7.38,8.57,66,28.69,3.41,44
1843,pitea,se,65.32,21.48,93,4,2.6,0
1844,savelugu,gh,9.63,-0.83,43,27.54,1.91,8
1849,nyurba,ru,63.29,118.35,87,-4.22,2.46,44
1852,katangli,ru,51.71,143.23,100,2.04,6.46,0
1853,college,us,64.86,-147.8,100,2,1.5,90
1854,saint-joseph,re,43.56,6.97,77,19,1,0
1866,coihaique,cl,-45.58,-72.07,55,13,2.6,40
1869,paka,my,45.29,18.06,93,10,4.1,0
1872,gajendragarh,in,15.73,75.98,74,20.01,1.61,0
1877,rottenmann,at,47.52,14.36,93,6,1,44
1881,bin qirdan,tn,33.14,11.22,92,19.51,1.91,24
1882,porto velho,br,-8.75,-63.87,89,27.41,1.41,24
1885,kargil,in,34.56,76.13,75,-21.74,0.71,24
1886,mpika,zm,-11.84,31.4,81,18.84,3.11,56
1887,yuzhno-kurilsk,ru,44.03,145.86,100,12.44,3.46,0
1889,gazanjyk,tm,39.24,55.52,89,4.41,1.06,0
1890,half moon bay,us,37.46,-122.43,68,27,2.6,20
1893,cockburn town,bs,21.46,-71.14,100,27.74,5.81,8
1898,leh,in,34.16,77.58,81,-15.62,0.86,56
1900,voh,nc,-20.95,164.69,97,24.01,2.91,24
1901,palana,ru,59.08,159.95,98,0.89,1.11,92
1905,chajul,gt,15.48,-91.04,81,20.94,0.96,48
1907,catumbela,ao,-12.43,13.55,80,20.14,0.51,56
1908,joshimath,in,30.57,79.57,75,-9.52,0.06,36
1913,teahupoo,pf,-17.83,-149.27,66,29,8.2,75
1918,axim,gh,4.87,-2.24,99,27.11,3.51,0
1935,qrendi,mt,35.83,14.46,78,22,2.6,40
1939,price,us,39.6,-110.81,31,16,3.1,1
1940,surgut,ru,61.25,73.4,100,1,3,90
1949,leua,ao,-11.65,20.45,80,20.74,1.66,8
1950,nizhnyaya poyma,ru,56.16,97.2,94,-3.34,1.06,48
1954,vizinga,ru,61.08,50.08,84,0.19,2.66,76
1957,uhlove,ua,44.82,33.6,95,14.66,1.16,36
1962,hwange,zw,-18.35,26.5,51,24.39,5.11,0
1963,safford,us,32.83,-109.71,29,26,7.7,75
1964,bria,cf,6.54,21.99,75,23.44,2.96,0
1966,walvis bay,na,-22.95,14.51,87,14,2.6,0
1968,sydney,au,-33.85,151.22,87,16,3.56,75
1972,havoysund,no,71,24.66,93,4,0.5,0
1973,byron bay,au,-28.65,153.62,77,21,4.6,40
1980,villarrica,cl,-39.28,-72.23,57,12.09,2.21,12
1981,aripuana,br,-9.17,-60.63,61,31.01,0.91,12
1983,santa fe,ar,-31.62,-60.7,46,23,4.6,75
1991,contamana,pe,-7.35,-75.01,63,31.44,0.31,24
1992,charters towers,au,-20.07,146.27,90,20.41,2.11,8
1993,labuhan,id,-2.54,115.51,98,22.76,1.16,92
